{"cameraMode":{"drawMode":0,"name":"Shaded","section":"Shading Mode"},"sceneLighting":true,"audioPlay":false,"sceneViewState":{"m_AlwaysRefresh":false,"showFog":true,"showSkybox":true,"showFlares":true,"showImageEffects":true,"showParticleSystems":true,"showVisualEffectGraphs":true,"m_FxEnabled":true},"in2DMode":false,"pivot":{"x":-8.827225685119629,"y":-19.06336784362793,"z":4.783926010131836},"rotation":{"x":0.706044614315033,"y":0.0010622496483847499,"z":-0.0010590676683932543,"w":0.7081658840179443},"size":21.07840919494629,"orthographic":true}