{"cameraMode":{"drawMode":0,"name":"Shaded","section":"Shading Mode"},"sceneLighting":false,"audioPlay":false,"sceneViewState":{"m_AlwaysRefresh":false,"showFog":true,"showSkybox":false,"showFlares":true,"showImageEffects":true,"showParticleSystems":true,"showVisualEffectGraphs":true,"m_FxEnabled":true},"in2DMode":false,"pivot":{"x":0.027202218770980836,"y":0.18674920499324799,"z":-0.08950087428092957},"rotation":{"x":-0.07692333310842514,"y":0.8936955332756043,"z":-0.16817061603069306,"w":-0.40878596901893618},"size":0.4746238589286804,"orthographic":false}